אבוריגיני,אבוריג'יני
אבוריגיניות,אבוריג'יניות
אבוריגיניי,אבוריג'יניי
אבוריגיניים,אבוריג'יניים
אבוריגינים,אבוריג'ינים
אבוריגינית,אבוריג'ינית
אגדייף,אג'דייף
אגנדה,אג'נדה
אגנדת,אג'נדת
אגנדתה,אג'נדתה
אגנדתו,אג'נדתו
אגנדתי,אג'נדתי
אגנדתך,אג'נדתך
אגנדתכם,אג'נדתכם
אגנדתכן,אג'נדתכן
אגנדתם,אג'נדתם
אגנדתן,אג'נדתן
אגנדתנו,אג'נדתנו
אזרבייגן,אזרבייג'ן
אזרבייגני,אזרבייג'ני
אזרבייגניות,אזרבייג'ניות
אזרבייגניי,אזרבייג'ניי
אזרבייגניים,אזרבייג'ניים
אזרבייגנים,אזרבייג'נים
אזרבייגנית,אזרבייג'נית
אינג,אינג'
אינץ,אינץ'
אינצה,אינצ'ה
אינצו,אינצ'ו
אינצי,אינצ'י
אינציה,אינצ'יה
אינציהם,אינצ'יהם
אינציהן,אינצ'יהן
אינציו,אינצ'יו
אינציי,אינצ'יי
אינצייך,אינצ'ייך
אינציך,אינצ'יך
אינציכם,אינצ'יכם
אינציכן,אינצ'יכן
אינצים,אינצ'ים
אינצינו,אינצ'ינו
אינצך,אינצ'ך
אינצכם,אינצ'כם
אינצכן,אינצ'כן
אינצם,אינצ'ם
אינצן,אינצ'ן
אינצנו,אינצ'נו
איץ,איץ'
אלגיר,אלג'יר
אלגירי,אלג'ירי
אלגיריה,אלג'יריה
אלגיריות,אלג'יריות
אלגיריי,אלג'יריי
אלגיריים,אלג'יריים
אלגירים,אלג'ירים
אלגירית,אלג'ירית
אפונצר,אפונצ'ר
אפנצר,אפנצ'ר
אצופר,אצ'ופר
אצוקמק,אצ'וקמק
אצטקמק,אצ'טקמק
אצקמק,אצ'קמק
אתפנצר,אתפנצ'ר
בייגינג,בייג'ינג
בירוביגן,בירוביג'ן
בלינצס,בלינצ'ס
בנגי,בנג'י
ברידג,ברידג'
ברנזה,ברנז'ה
ברנזות,ברנז'ות
ברנזת,ברנז'ת
גבטה,ג'בטה
גבטות,ג'בטות
גבטת,ג'בטת
גובניק,ג'ובניק
גובניקי,ג'ובניקי
גובניקיות,ג'ובניקיות
גובניקים,ג'ובניקים
גובניקית,ג'ובניקית
גודאה,ג'ודאה
גודאו,ג'ודאו
גודאי,ג'ודאי
גודאיה,ג'ודאיה
גודאיהם,ג'ודאיהם
גודאיהן,ג'ודאיהן
גודאיו,ג'ודאיו
גודאיות,ג'ודאיות
גודאיותיה,ג'ודאיותיה
גודאיותיהם,ג'ודאיותיהם
גודאיותיהן,ג'ודאיותיהן
גודאיותיו,ג'ודאיותיו
גודאיותיי,ג'ודאיותיי
גודאיותייך,ג'ודאיותייך
גודאיותיך,ג'ודאיותיך
גודאיותיכם,ג'ודאיותיכם
גודאיותיכן,ג'ודאיותיכן
גודאיותינו,ג'ודאיותינו
גודאיי,ג'ודאיי
גודאייך,ג'ודאייך
גודאיך,ג'ודאיך
גודאיכם,ג'ודאיכם
גודאיכן,ג'ודאיכן
גודאים,ג'ודאים
גודאינו,ג'ודאינו
גודאית,ג'ודאית
גודאיתה,ג'ודאיתה
גודאיתו,ג'ודאיתו
גודאיתי,ג'ודאיתי
גודאיתך,ג'ודאיתך
גודאיתכם,ג'ודאיתכם
גודאיתכן,ג'ודאיתכן
גודאיתם,ג'ודאיתם
גודאיתן,ג'ודאיתן
גודאיתנו,ג'ודאיתנו
גודאך,ג'ודאך
גודאכם,ג'ודאכם
גודאכן,ג'ודאכן
גודאם,ג'ודאם
גודאן,ג'ודאן
גודאנו,ג'ודאנו
גודו,ג'ודו
גודוקא,ג'ודוקא
גודוקאי,ג'ודוקאי
גודוקאיות,ג'ודוקאיות
גודוקאים,ג'ודוקאים
גודוקאית,ג'ודוקאית
גוחא,ג'וחא
גוינט,ג'וינט
גוינטי,ג'וינטי
גוינטים,ג'וינטים
גויסטיק,ג'ויסטיק
גויסטיקה,ג'ויסטיקה
גויסטיקו,ג'ויסטיקו
גויסטיקי,ג'ויסטיקי
גויסטיקיה,ג'ויסטיקיה
גויסטיקיהם,ג'ויסטיקיהם
גויסטיקיהן,ג'ויסטיקיהן
גויסטיקיו,ג'ויסטיקיו
גויסטיקיי,ג'ויסטיקיי
גויסטיקייך,ג'ויסטיקייך
גויסטיקיך,ג'ויסטיקיך
גויסטיקיכם,ג'ויסטיקיכם
גויסטיקיכן,ג'ויסטיקיכן
גויסטיקים,ג'ויסטיקים
גויסטיקינו,ג'ויסטיקינו
גויסטיקך,ג'ויסטיקך
גויסטיקכם,ג'ויסטיקכם
גויסטיקכן,ג'ויסטיקכן
גויסטיקם,ג'ויסטיקם
גויסטיקן,ג'ויסטיקן
גויסטיקנו,ג'ויסטיקנו
גונגל,ג'ונגל
גונגלה,ג'ונגלה
גונגלו,ג'ונגלו
גונגלי,ג'ונגלי
גונגליה,ג'ונגליה
גונגליהם,ג'ונגליהם
גונגליהן,ג'ונגליהן
גונגליו,ג'ונגליו
גונגליי,ג'ונגליי
גונגלייך,ג'ונגלייך
גונגליך,ג'ונגליך
גונגליכם,ג'ונגליכם
גונגליכן,ג'ונגליכן
גונגלים,ג'ונגלים
גונגלינו,ג'ונגלינו
גונגלך,ג'ונגלך
גונגלכם,ג'ונגלכם
גונגלכן,ג'ונגלכן
גונגלם,ג'ונגלם
גונגלן,ג'ונגלן
גונגלנו,ג'ונגלנו
גוק,ג'וק
גוקי,ג'וקי
גוקים,ג'וקים
גוקר,ג'וקר
גוקרי,ג'וקרי
גוקרים,ג'וקרים
גורגיה,ג'ורג'יה
גחנון,ג'חנון
גי,ג'י
גיבוטי,ג'יבוטי
גיבריש,ג'יבריש
גיגבייט,ג'יגבייט
גיגבייטי,ג'יגבייטי
גיגבייטים,ג'יגבייטים
גיגהרץ,ג'יגהרץ
גיגולו,ג'יגולו
גיהאד,ג'יהאד
גין,ג'ין
גינגי,ג'ינג'י
גינגיות,ג'ינג'יות
גינגיי,ג'ינג'יי
גינגיים,ג'ינג'יים
גינגים,ג'ינג'ים
גינגית,ג'ינג'ית
גינגר,ג'ינג'ר
גינגל,ג'ינגל
גינגלה,ג'ינגלה
גינגלו,ג'ינגלו
גינגלי,ג'ינגלי
גינגליה,ג'ינגליה
גינגליהם,ג'ינגליהם
גינגליהן,ג'ינגליהן
גינגליו,ג'ינגליו
גינגליי,ג'ינגליי
גינגלייך,ג'ינגלייך
גינגליך,ג'ינגליך
גינגליכם,ג'ינגליכם
גינגליכן,ג'ינגליכן
גינגלים,ג'ינגלים
גינגלינו,ג'ינגלינו
גינגלך,ג'ינגלך
גינגלכם,ג'ינגלכם
גינגלכן,ג'ינגלכן
גינגלם,ג'ינגלם
גינגלן,ג'ינגלן
גינגלנו,ג'ינגלנו
גינס,ג'ינס
גיפ,ג'יפ
גיפה,ג'יפה
גיפו,ג'יפו
גיפות,ג'יפות
גיפי,ג'יפי
גיפיה,ג'יפיה
גיפיהם,ג'יפיהם
גיפיהן,ג'יפיהן
גיפיו,ג'יפיו
גיפיי,ג'יפיי
גיפייך,ג'יפייך
גיפיך,ג'יפיך
גיפיכם,ג'יפיכם
גיפיכן,ג'יפיכן
גיפים,ג'יפים
גיפינו,ג'יפינו
גיפך,ג'יפך
גיפכם,ג'יפכם
גיפכן,ג'יפכן
גיפם,ג'יפם
גיפן,ג'יפן
גיפנו,ג'יפנו
גיפת,ג'יפת
גירפות,ג'ירפות
גירפותיה,ג'ירפותיה
גירפותיהם,ג'ירפותיהם
גירפותיהן,ג'ירפותיהן
גירפותיו,ג'ירפותיו
גירפותיי,ג'ירפותיי
גירפותייך,ג'ירפותייך
גירפותיך,ג'ירפותיך
גירפותיכם,ג'ירפותיכם
גירפותיכן,ג'ירפותיכן
גירפותינו,ג'ירפותינו
גירפתה,ג'ירפתה
גירפתו,ג'ירפתו
גירפתך,ג'ירפתך
גירפתכם,ג'ירפתכם
גירפתכן,ג'ירפתכן
גירפתנו,ג'ירפתנו
גלטין,ג'לטין
גמוס,ג'מוס
גמוסי,ג'מוסי
גמוסים,ג'מוסים
גמייקה,ג'מייקה
גמייקני,ג'מייקני
גמייקניות,ג'מייקניות
גמייקניי,ג'מייקניי
גמייקניים,ג'מייקניים
גמייקנים,ג'מייקנים
גמייקנית,ג'מייקנית
גנטלמן,ג'נטלמן
גנטלמנה,ג'נטלמנה
גנטלמנו,ג'נטלמנו
גנטלמני,ג'נטלמני
גנטלמניה,ג'נטלמניה
גנטלמניהם,ג'נטלמניהם
גנטלמניהן,ג'נטלמניהן
גנטלמניו,ג'נטלמניו
גנטלמניות,ג'נטלמניות
גנטלמניי,ג'נטלמניי
גנטלמנייך,ג'נטלמנייך
גנטלמניים,ג'נטלמניים
גנטלמניך,ג'נטלמניך
גנטלמניכם,ג'נטלמניכם
גנטלמניכן,ג'נטלמניכן
גנטלמנים,ג'נטלמנים
גנטלמנינו,ג'נטלמנינו
גנטלמנית,ג'נטלמנית
גנטלמנך,ג'נטלמנך
גנטלמנכם,ג'נטלמנכם
גנטלמנכן,ג'נטלמנכן
גנטלמנם,ג'נטלמנם
גנטלמנן,ג'נטלמנן
גנטלמננו,ג'נטלמננו
גנין,ג'נין
גקוזי,ג'קוזי
גספצו,גספצ'ו
דיליזנס,דיליז'נס
דיליזנסה,דיליז'נסה
דיליזנסו,דיליז'נסו
דיליזנסי,דיליז'נסי
דיליזנסיה,דיליז'נסיה
דיליזנסיהם,דיליז'נסיהם
דיליזנסיהן,דיליז'נסיהן
דיליזנסיו,דיליז'נסיו
דיליזנסיי,דיליז'נסיי
דיליזנסייך,דיליז'נסייך
דיליזנסיך,דיליז'נסיך
דיליזנסיכם,דיליז'נסיכם
דיליזנסיכן,דיליז'נסיכן
דיליזנסים,דיליז'נסים
דיליזנסינו,דיליז'נסינו
דיליזנסך,דיליז'נסך
דיליזנסכם,דיליז'נסכם
דיליזנסכן,דיליז'נסכן
דיליזנסם,דיליז'נסם
דיליזנסן,דיליז'נסן
דיליזנסנו,דיליז'נסנו
הגדייף,הג'דייף
הגדייפה,הג'דייפה
הגדייפו,הג'דייפו
הגדייפויות,הג'דייפויות
הגדייפויותיה,הג'דייפויותיה
הגדייפויותיהם,הג'דייפויותיהם
הגדייפויותיהן,הג'דייפויותיהן
הגדייפויותיו,הג'דייפויותיו
הגדייפויותיי,הג'דייפויותיי
הגדייפויותייך,הג'דייפויותייך
הגדייפויותיך,הג'דייפויותיך
הגדייפויותיכם,הג'דייפויותיכם
הגדייפויותיכן,הג'דייפויותיכן
הגדייפויותינו,הג'דייפויותינו
הגדייפות,הג'דייפות
הגדייפותה,הג'דייפותה
הגדייפותו,הג'דייפותו
הגדייפותי,הג'דייפותי
הגדייפותך,הג'דייפותך
הגדייפותכם,הג'דייפותכם
הגדייפותכן,הג'דייפותכן
הגדייפותם,הג'דייפותם
הגדייפותן,הג'דייפותן
הגדייפותנו,הג'דייפותנו
הגדייפי,הג'דייפי
הגדייפך,הג'דייפך
הגדייפכם,הג'דייפכם
הגדייפכן,הג'דייפכן
הגדייפם,הג'דייפם
הגדייפן,הג'דייפן
הגדייפנה,הג'דייפנה
הגדייפנו,הג'דייפנו
הגדייפת,הג'דייפת
הגדייפתי,הג'דייפתי
הגדייפתם,הג'דייפתם
הגדייפתן,הג'דייפתן
הצטקמק,הצ'טקמק
הצטקמקה,הצ'טקמקה
הצטקמקו,הצ'טקמקו
הצטקמקויות,הצ'טקמקויות
הצטקמקויותיה,הצ'טקמקויותיה
הצטקמקויותיהם,הצ'טקמקויותיהם
הצטקמקויותיהן,הצ'טקמקויותיהן
הצטקמקויותיו,הצ'טקמקויותיו
הצטקמקויותיי,הצ'טקמקויותיי
הצטקמקויותייך,הצ'טקמקויותייך
הצטקמקויותיך,הצ'טקמקויותיך
הצטקמקויותיכם,הצ'טקמקויותיכם
הצטקמקויותיכן,הצ'טקמקויותיכן
הצטקמקויותינו,הצ'טקמקויותינו
הצטקמקות,הצ'טקמקות
הצטקמקותה,הצ'טקמקותה
הצטקמקותו,הצ'טקמקותו
הצטקמקותי,הצ'טקמקותי
הצטקמקותך,הצ'טקמקותך
הצטקמקותכם,הצ'טקמקותכם
הצטקמקותכן,הצ'טקמקותכן
הצטקמקותם,הצ'טקמקותם
הצטקמקותן,הצ'טקמקותן
הצטקמקותנו,הצ'טקמקותנו
הצטקמקי,הצ'טקמקי
הצטקמקך,הצ'טקמקך
הצטקמקכם,הצ'טקמקכם
הצטקמקכן,הצ'טקמקכן
הצטקמקם,הצ'טקמקם
הצטקמקן,הצ'טקמקן
הצטקמקנה,הצ'טקמקנה
הצטקמקנו,הצ'טקמקנו
הצטקמקת,הצ'טקמקת
הצטקמקתי,הצ'טקמקתי
הצטקמקתם,הצ'טקמקתם
הצטקמקתן,הצ'טקמקתן
התפנצר,התפנצ'ר
התפנצרה,התפנצ'רה
התפנצרו,התפנצ'רו
התפנצרי,התפנצ'רי
התפנצרך,התפנצ'רך
התפנצרכם,התפנצ'רכם
התפנצרכן,התפנצ'רכן
התפנצרם,התפנצ'רם
התפנצרן,התפנצ'רן
התפנצרנה,התפנצ'רנה
התפנצרנו,התפנצ'רנו
התפנצרת,התפנצ'רת
התפנצרתי,התפנצ'רתי
התפנצרתם,התפנצ'רתם
התפנצרתן,התפנצ'רתן
וולטז,וולטז'
ויטרז,ויטרז'
ויטרזה,ויטרז'ה
ויטרזו,ויטרז'ו
ויטרזי,ויטרז'י
ויטרזיה,ויטרז'יה
ויטרזיהם,ויטרז'יהם
ויטרזיהן,ויטרז'יהן
ויטרזיו,ויטרז'יו
ויטרזיי,ויטרז'יי
ויטרזייך,ויטרז'ייך
ויטרזיך,ויטרז'יך
ויטרזיכם,ויטרז'יכם
ויטרזיכן,ויטרז'יכן
ויטרזים,ויטרז'ים
ויטרזינו,ויטרז'ינו
ויטרזך,ויטרז'ך
ויטרזכם,ויטרז'כם
ויטרזכן,ויטרז'כן
ויטרזם,ויטרז'ם
ויטרזן,ויטרז'ן
ויטרזנו,ויטרז'נו
וירגיניה,וירג'יניה
וכו,וכו'
ושות,ושות'
זיטון,ז'יטון
זיטונה,ז'יטונה
זיטונו,ז'יטונו
זיטוני,ז'יטוני
זיטוניה,ז'יטוניה
זיטוניהם,ז'יטוניהם
זיטוניהן,ז'יטוניהן
זיטוניו,ז'יטוניו
זיטוניי,ז'יטוניי
זיטונייך,ז'יטונייך
זיטוניך,ז'יטוניך
זיטוניכם,ז'יטוניכם
זיטוניכן,ז'יטוניכן
זיטונים,ז'יטונים
זיטונינו,ז'יטונינו
זיטונך,ז'יטונך
זיטונכם,ז'יטונכם
זיטונכן,ז'יטונכן
זיטונם,ז'יטונם
זיטונן,ז'יטונן
זיטוננו,ז'יטוננו
זנר,ז'נר
זנרה,ז'נרה
זנרו,ז'נרו
זנרי,ז'נרי
זנריה,ז'נריה
זנריהם,ז'נריהם
זנריהן,ז'נריהן
זנריו,ז'נריו
זנריי,ז'נריי
זנרייך,ז'נרייך
זנריך,ז'נריך
זנריכם,ז'נריכם
זנריכן,ז'נריכן
זנרים,ז'נרים
זנרינו,ז'נרינו
זנרך,ז'נרך
זנרכם,ז'נרכם
זנרכן,ז'נרכן
זנרם,ז'נרם
זנרן,ז'נרן
זנרנו,ז'נרנו
זרגון,ז'רגון
זרגונה,ז'רגונה
זרגונו,ז'רגונו
זרגוני,ז'רגוני
זרגוניה,ז'רגוניה
זרגוניהם,ז'רגוניהם
זרגוניהן,ז'רגוניהן
זרגוניו,ז'רגוניו
זרגוניי,ז'רגוניי
זרגונייך,ז'רגונייך
זרגוניך,ז'רגוניך
זרגוניכם,ז'רגוניכם
זרגוניכן,ז'רגוניכן
זרגונים,ז'רגונים
זרגונינו,ז'רגונינו
זרגונך,ז'רגונך
זרגונכם,ז'רגונכם
זרגונכן,ז'רגונכן
זרגונם,ז'רגונם
זרגונן,ז'רגונן
זרגוננו,ז'רגוננו
חאן,ח'אן
חאנה,ח'אנה
חאנו,ח'אנו
חאני,ח'אני
חאניה,ח'אניה
חאניהם,ח'אניהם
חאניהן,ח'אניהן
חאניו,ח'אניו
חאניי,ח'אניי
חאנייך,ח'אנייך
חאניך,ח'אניך
חאניכם,ח'אניכם
חאניכן,ח'אניכן
חאנים,ח'אנים
חאנינו,ח'אנינו
חאנך,ח'אנך
חאנכם,ח'אנכם
חאנכן,ח'אנכן
חאנם,ח'אנם
חאנן,ח'אנן
חאננו,ח'אננו
חליף,ח'ליף
חליפו,ח'ליפו
חליפויות,ח'ליפויות
חליפויותיה,ח'ליפויותיה
חליפויותיהם,ח'ליפויותיהם
חליפויותיהן,ח'ליפויותיהן
חליפויותיו,ח'ליפויותיו
חליפויותיי,ח'ליפויותיי
חליפויותייך,ח'ליפויותייך
חליפויותיך,ח'ליפויותיך
חליפויותיכם,ח'ליפויותיכם
חליפויותיכן,ח'ליפויותיכן
חליפויותינו,ח'ליפויותינו
חליפותה,ח'ליפותה
חליפותו,ח'ליפותו
חליפותי,ח'ליפותי
חליפותך,ח'ליפותך
חליפותכם,ח'ליפותכם
חליפותכן,ח'ליפותכן
חליפותם,ח'ליפותם
חליפותן,ח'ליפותן
חליפותנו,ח'ליפותנו
חליפים,ח'ליפים
חליפך,ח'ליפך
חליפכם,ח'ליפכם
חליפכן,ח'ליפכן
חליפם,ח'ליפם
חליפן,ח'ליפן
חליפנו,ח'ליפנו
חמסותיה,ח'מסותיה
חמסותיהם,ח'מסותיהם
חמסותיהן,ח'מסותיהן
חמסותיו,ח'מסותיו
חמסותיי,ח'מסותיי
חמסותייך,ח'מסותייך
חמסותיך,ח'מסותיך
חמסותיכם,ח'מסותיכם
חמסותיכן,ח'מסותיכן
חמסותינו,ח'מסותינו
חמסתה,ח'מסתה
חמסתו,ח'מסתו
חמסתך,ח'מסתך
חמסתכם,ח'מסתכם
חמסתכן,ח'מסתכן
חמסתנו,ח'מסתנו
חצקון,חצ'קון
חצקונה,חצ'קונה
חצקונו,חצ'קונו
חצקוני,חצ'קוני
חצקוניה,חצ'קוניה
חצקוניהם,חצ'קוניהם
חצקוניהן,חצ'קוניהן
חצקוניו,חצ'קוניו
חצקוניי,חצ'קוניי
חצקונייך,חצ'קונייך
חצקוניך,חצ'קוניך
חצקוניכם,חצ'קוניכם
חצקוניכן,חצ'קוניכן
חצקונים,חצ'קונים
חצקונינו,חצ'קונינו
חצקונך,חצ'קונך
חצקונכם,חצ'קונכם
חצקונכן,חצ'קונכן
חצקונם,חצ'קונם
חצקונן,חצ'קונן
חצקוננו,חצ'קוננו
טגיקי,טג'יקי
טגיקיות,טג'יקיות
טגיקיי,טג'יקיי
טגיקיים,טג'יקיים
טגיקים,טג'יקים
טגיקיסטן,טג'יקיסטן
טגיקית,טג'יקית
טונז,טונז'
יגדייף,יג'דייף
יגדייפו,יג'דייפו
יח,יח'
יפונצר,יפונצ'ר
יפונצרו,יפונצ'רו
יפנצר,יפנצ'ר
יפנצרו,יפנצ'רו
יצופר,יצ'ופר
יצופרו,יצ'ופרו
יצוקמק,יצ'וקמק
יצוקמקו,יצ'וקמקו
יצטקמק,יצ'טקמק
יצטקמקו,יצ'טקמקו
יצפר,יצ'פר
יצקמק,יצ'קמק
יצקמקו,יצ'קמקו
יתפנצר,יתפנצ'ר
יתפנצרו,יתפנצ'רו
לינץ,לינץ'
לינצי,לינצ'י
לינצים,לינצ'ים
ליצי,ליצ'י
מגדייף,מג'דייף
מגדייפות,מג'דייפות
מגדייפי,מג'דייפי
מגדייפים,מג'דייפים
מגדייפת,מג'דייפת
מגויף,מג'ויף
מגויפות,מג'ויפות
מגויפי,מג'ויפי
מגויפים,מג'ויפים
מגויפת,מג'ויפת
מזוריות,מז'וריות
מזוריי,מז'וריי
מזוריים,מז'וריים
מזורית,מז'ורית
מחוצקן,מחוצ'קן
מחוצקנות,מחוצ'קנות
מחוצקני,מחוצ'קני
מחוצקנים,מחוצ'קנים
מחוצקנת,מחוצ'קנת
מיכלאנגלו,מיכלאנג'לו
מנצוריה,מנצ'וריה
מנצוריות,מנצ'וריות
מנצוריי,מנצ'וריי
מנצוריים,מנצ'וריים
מנצורית,מנצ'ורית
מסז,מסז'
מסזי,מסז'י
מסזים,מסז'ים
מסזיסט,מסז'יסט
מסזיסטי,מסז'יסטי
מסזיסטיות,מסז'יסטיות
מסזיסטים,מסז'יסטים
מסזיסטית,מסז'יסטית
מסצוסטס,מסצ'וסטס
מפונצר,מפונצ'ר
מפונצרות,מפונצ'רות
מפונצרי,מפונצ'רי
מפונצרים,מפונצ'רים
מפונצרת,מפונצ'רת
מפנצר,מפנצ'ר
מפנצרות,מפנצ'רות
מפנצרי,מפנצ'רי
מפנצרים,מפנצ'רים
מפנצרת,מפנצ'רת
מצוקמק,מצ'וקמק
מצוקמקות,מצ'וקמקות
מצוקמקי,מצ'וקמקי
מצוקמקים,מצ'וקמקים
מצוקמקת,מצ'וקמקת
מצטקמק,מצ'טקמק
מצטקמקות,מצ'טקמקות
מצטקמקי,מצ'טקמקי
מצטקמקים,מצ'טקמקים
מצטקמקת,מצ'טקמקת
מצפרת,מצ'פרת
מצקמק,מצ'קמק
מצקמקות,מצ'קמקות
מצקמקי,מצ'קמקי
מצקמקים,מצ'קמקים
מצקמקת,מצ'קמקת
מתפנצר,מתפנצ'ר
מתפנצרות,מתפנצ'רות
מתפנצרי,מתפנצ'רי
מתפנצרים,מתפנצ'רים
מתפנצרת,מתפנצ'רת
נגדייף,נג'דייף
ניזר,ניז'ר
ניזרי,ניז'רי
ניזריות,ניז'ריות
ניזריי,ניז'ריי
ניזריים,ניז'ריים
ניזרים,ניז'רים
ניזרית,ניז'רית
נינגה,נינג'ה
נינגות,נינג'ות
נינגותיה,נינג'ותיה
נינגותיהם,נינג'ותיהם
נינגותיהן,נינג'ותיהן
נינגותיו,נינג'ותיו
נינגותיי,נינג'ותיי
נינגותייך,נינג'ותייך
נינגותיך,נינג'ותיך
נינגותיכם,נינג'ותיכם
נינגותיכן,נינג'ותיכן
נינגותינו,נינג'ותינו
נינגת,נינג'ת
נינגתה,נינג'תה
נינגתו,נינג'תו
נינגתי,נינג'תי
נינגתך,נינג'תך
נינגתכם,נינג'תכם
נינגתכן,נינג'תכן
נינגתם,נינג'תם
נינגתן,נינג'תן
נינגתנו,נינג'תנו
נפונצר,נפונצ'ר
נפנצר,נפנצ'ר
נצופר,נצ'ופר
נצוקמק,נצ'וקמק
נצטקמק,נצ'טקמק
נצקמק,נצ'קמק
נק,נק'
נתפנצר,נתפנצ'ר
סולפג,סולפג'
סחנין,סח'נין
סטז,סטז'
סטזה,סטז'ה
סטזו,סטז'ו
סטזי,סטז'י
סטזיה,סטז'יה
סטזיהם,סטז'יהם
סטזיהן,סטז'יהן
סטזיו,סטז'יו
סטזיי,סטז'יי
סטזייך,סטז'ייך
סטזיך,סטז'יך
סטזיכם,סטז'יכם
סטזיכן,סטז'יכן
סטזים,סטז'ים
סטזינו,סטז'ינו
סטזך,סטז'ך
סטזכם,סטז'כם
סטזכן,סטז'כן
סטזם,סטז'ם
סטזן,סטז'ן
סטזנו,סטז'נו
סטזר,סטז'ר
סטזרה,סטז'רה
סטזרו,סטז'רו
סטזרי,סטז'רי
סטזריה,סטז'ריה
סטזריהם,סטז'ריהם
סטזריהן,סטז'ריהן
סטזריו,סטז'ריו
סטזריות,סטז'ריות
סטזריותיה,סטז'ריותיה
סטזריותיהם,סטז'ריותיהם
סטזריותיהן,סטז'ריותיהן
סטזריותיו,סטז'ריותיו
סטזריותיי,סטז'ריותיי
סטזריותייך,סטז'ריותייך
סטזריותיך,סטז'ריותיך
סטזריותיכם,סטז'ריותיכם
סטזריותיכן,סטז'ריותיכן
סטזריותינו,סטז'ריותינו
סטזריי,סטז'ריי
סטזרייך,סטז'רייך
סטזריך,סטז'ריך
סטזריכם,סטז'ריכם
סטזריכן,סטז'ריכן
סטזרים,סטז'רים
סטזרינו,סטז'רינו
סטזרית,סטז'רית
סטזריתה,סטז'ריתה
סטזריתו,סטז'ריתו
סטזריתי,סטז'ריתי
סטזריתך,סטז'ריתך
סטזריתכם,סטז'ריתכם
סטזריתכן,סטז'ריתכן
סטזריתם,סטז'ריתם
סטזריתן,סטז'ריתן
סטזריתנו,סטז'ריתנו
סטזרך,סטז'רך
סטזרכם,סטז'רכם
סטזרכן,סטז'רכן
סטזרם,סטז'רם
סטזרן,סטז'רן
סטזרנו,סטז'רנו
סלגוקי,סלג'וקי
סלגוקיות,סלג'וקיות
סלגוקיי,סלג'וקיי
סלגוקיים,סלג'וקיים
סלגוקים,סלג'וקים
סלגוקית,סלג'וקית
סנדוויץ,סנדוויץ'
סנדוויצה,סנדוויצ'ה
סנדוויצו,סנדוויצ'ו
סנדוויצי,סנדוויצ'י
סנדוויציה,סנדוויצ'יה
סנדוויציהם,סנדוויצ'יהם
סנדוויציהן,סנדוויצ'יהן
סנדוויציו,סנדוויצ'יו
סנדוויציי,סנדוויצ'יי
סנדוויצייך,סנדוויצ'ייך
סנדוויציך,סנדוויצ'יך
סנדוויציכם,סנדוויצ'יכם
סנדוויציכן,סנדוויצ'יכן
סנדוויצים,סנדוויצ'ים
סנדוויצינו,סנדוויצ'ינו
סנדוויצך,סנדוויצ'ך
סנדוויצכם,סנדוויצ'כם
סנדוויצכן,סנדוויצ'כן
סנדוויצם,סנדוויצ'ם
סנדוויצן,סנדוויצ'ן
סנדוויצנו,סנדוויצ'נו
ססקצואן,ססקצ'ואן
ספונגה,ספונג'ה
עותמאני,עות'מאני
עותמאניות,עות'מאניות
עותמאניי,עות'מאניי
עותמאניים,עות'מאניים
עותמאנים,עות'מאנים
עותמאנית,עות'מאנית
עמ,עמ'
פאוץ,פאוץ'
פאוצי,פאוצ'י
פאוצים,פאוצ'ים
פוטומונטז,פוטומונטז'
פוטומונטזה,פוטומונטז'ה
פוטומונטזו,פוטומונטז'ו
פוטומונטזי,פוטומונטז'י
פוטומונטזיה,פוטומונטז'יה
פוטומונטזיהם,פוטומונטז'יהם
פוטומונטזיהן,פוטומונטז'יהן
פוטומונטזיו,פוטומונטז'יו
פוטומונטזיי,פוטומונטז'יי
פוטומונטזייך,פוטומונטז'ייך
פוטומונטזיך,פוטומונטז'יך
פוטומונטזיכם,פוטומונטז'יכם
פוטומונטזיכן,פוטומונטז'יכן
פוטומונטזים,פוטומונטז'ים
פוטומונטזינו,פוטומונטז'ינו
פוטומונטזך,פוטומונטז'ך
פוטומונטזכם,פוטומונטז'כם
פוטומונטזכן,פוטומונטז'כן
פוטומונטזם,פוטומונטז'ם
פוטומונטזן,פוטומונטז'ן
פוטומונטזנו,פוטומונטז'נו
פונץ,פונץ'
פונצר,פונצ'ר
פונצרה,פונצ'רה
פונצרו,פונצ'רו
פונצרנו,פונצ'רנו
פונצרת,פונצ'רת
פונצרתי,פונצ'רתי
פונצרתם,פונצ'רתם
פונצרתן,פונצ'רתן
פוקצה,פוקצ'ה
פוקצות,פוקצ'ות
פוקצת,פוקצ'ת
פטוציני,פטוצ'יני
פיגי,פיג'י
פיגיאני,פיג'יאני
פיגיאניות,פיג'יאניות
פיגיאניי,פיג'יאניי
פיגיאניים,פיג'יאניים
פיגיאנים,פיג'יאנים
פיגיאנית,פיג'יאנית
פיגמה,פיג'מה
פיגמות,פיג'מות
פיגמותיה,פיג'מותיה
פיגמותיהם,פיג'מותיהם
פיגמותיהן,פיג'מותיהן
פיגמותיו,פיג'מותיו
פיגמותיי,פיג'מותיי
פיגמותייך,פיג'מותייך
פיגמותיך,פיג'מותיך
פיגמותיכם,פיג'מותיכם
פיגמותיכן,פיג'מותיכן
פיגמותינו,פיג'מותינו
פיגמת,פיג'מת
פיגמתה,פיג'מתה
פיגמתו,פיג'מתו
פיגמתי,פיג'מתי
פיגמתך,פיג'מתך
פיגמתכם,פיג'מתכם
פיגמתכן,פיג'מתכן
פיגמתם,פיג'מתם
פיגמתן,פיג'מתן
פיגמתנו,פיג'מתנו
פיוזן,פיוז'ן
פינצר,פינצ'ר
פינצרה,פינצ'רה
פינצרו,פינצ'רו
פינצרי,פינצ'רי
פינצריה,פינצ'ריה
פינצריהם,פינצ'ריהם
פינצריהן,פינצ'ריהן
פינצריו,פינצ'ריו
פינצריי,פינצ'ריי
פינצרייך,פינצ'רייך
פינצריך,פינצ'ריך
פינצריכם,פינצ'ריכם
פינצריכן,פינצ'ריכן
פינצרים,פינצ'רים
פינצרינו,פינצ'רינו
פינצרך,פינצ'רך
פינצרכם,פינצ'רכם
פינצרכן,פינצ'רכן
פינצרם,פינצ'רם
פינצרן,פינצ'רן
פינצרנו,פינצ'רנו
פנצר,פנצ'ר
פנצרה,פנצ'רה
פנצרו,פנצ'רו
פנצרי,פנצ'רי
פנצריה,פנצ'ריה
פנצריות,פנצ'ריות
פנצריותיה,פנצ'ריותיה
פנצריותיהם,פנצ'ריותיהם
פנצריותיהן,פנצ'ריותיהן
פנצריותיו,פנצ'ריותיו
פנצריותיי,פנצ'ריותיי
פנצריותייך,פנצ'ריותייך
פנצריותיך,פנצ'ריותיך
פנצריותיכם,פנצ'ריותיכם
פנצריותיכן,פנצ'ריותיכן
פנצריותינו,פנצ'ריותינו
פנצריית,פנצ'ריית
פנצרייתה,פנצ'רייתה
פנצרייתו,פנצ'רייתו
פנצרייתי,פנצ'רייתי
פנצרייתך,פנצ'רייתך
פנצרייתכם,פנצ'רייתכם
פנצרייתכן,פנצ'רייתכן
פנצרייתם,פנצ'רייתם
פנצרייתן,פנצ'רייתן
פנצרייתנו,פנצ'רייתנו
פנצרים,פנצ'רים
פנצרך,פנצ'רך
פנצרכם,פנצ'רכם
פנצרכן,פנצ'רכן
פנצרם,פנצ'רם
פנצרן,פנצ'רן
פנצרנה,פנצ'רנה
פנצרנו,פנצ'רנו
פנצרת,פנצ'רת
פנצרתי,פנצ'רתי
פנצרתם,פנצ'רתם
פנצרתן,פנצ'רתן
פרופ,פרופ'
צאד,צ'אד
צולנט,צ'ולנט
צופסטיק,צ'ופסטיק
צופסטיקס,צ'ופסטיקס
צופציק,צ'ופצ'יק
צופציקי,צ'ופצ'יקי
צופציקים,צ'ופצ'יקים
צופרתי,צ'ופרתי
צופרתם,צ'ופרתם
צופרתן,צ'ופרתן
צוקמק,צ'וקמק
צוקמקה,צ'וקמקה
צוקמקו,צ'וקמקו
צוקמקנו,צ'וקמקנו
צוקמקת,צ'וקמקת
צוקמקתי,צ'וקמקתי
צוקמקתם,צ'וקמקתם
צוקמקתן,צ'וקמקתן
צוריסו,צ'וריסו
צוריסוס,צ'וריסוס
צחצחיות,צ'חצ'חיות
צחצחים,צ'חצ'חים
צחצחית,צ'חצ'חית
צט,צ'ט
צטי,צ'טי
צטים,צ'טים
ציוואווה,צ'יוואווה
ציוואוות,צ'יוואוות
ציוואוותה,צ'יוואוותה
ציוואוותו,צ'יוואוותו
ציוואוותי,צ'יוואוותי
ציוואוותיה,צ'יוואוותיה
ציוואוותיהם,צ'יוואוותיהם
ציוואוותיהן,צ'יוואוותיהן
ציוואוותיו,צ'יוואוותיו
ציוואוותיי,צ'יוואוותיי
ציוואוותייך,צ'יוואוותייך
ציוואוותיך,צ'יוואוותיך
ציוואוותיכם,צ'יוואוותיכם
ציוואוותיכן,צ'יוואוותיכן
ציוואוותינו,צ'יוואוותינו
ציוואוותך,צ'יוואוותך
ציוואוותכם,צ'יוואוותכם
ציוואוותכן,צ'יוואוותכן
ציוואוותם,צ'יוואוותם
ציוואוותן,צ'יוואוותן
ציוואוותנו,צ'יוואוותנו
ציטה,צ'יטה
ציטות,צ'יטות
ציטותיה,צ'יטותיה
ציטותיהם,צ'יטותיהם
ציטותיהן,צ'יטותיהן
ציטותיו,צ'יטותיו
ציטותיי,צ'יטותיי
ציטותייך,צ'יטותייך
ציטותיך,צ'יטותיך
ציטותיכם,צ'יטותיכם
ציטותיכן,צ'יטותיכן
ציטותינו,צ'יטותינו
ציטת,צ'יטת
ציטתה,צ'יטתה
ציטתו,צ'יטתו
ציטתי,צ'יטתי
ציטתך,צ'יטתך
ציטתכם,צ'יטתכם
ציטתכן,צ'יטתכן
ציטתם,צ'יטתם
ציטתן,צ'יטתן
ציטתנו,צ'יטתנו
צילאני,צ'ילאני
צילאניות,צ'ילאניות
צילאניי,צ'ילאניי
צילאניים,צ'ילאניים
צילאנים,צ'ילאנים
צילאנית,צ'ילאנית
צילבה,צ'ילבה
צילבות,צ'ילבות
צילבת,צ'ילבת
צילה,צ'ילה
צילי,צ'ילי
צימיצורי,צ'ימיצ'ורי
צינצילה,צ'ינצ'ילה
צינצילות,צ'ינצ'ילות
צינצילותיה,צ'ינצ'ילותיה
צינצילותיהם,צ'ינצ'ילותיהם
צינצילותיהן,צ'ינצ'ילותיהן
צינצילותיו,צ'ינצ'ילותיו
צינצילותיי,צ'ינצ'ילותיי
צינצילותייך,צ'ינצ'ילותייך
צינצילותיך,צ'ינצ'ילותיך
צינצילותיכם,צ'ינצ'ילותיכם
צינצילותיכן,צ'ינצ'ילותיכן
צינצילותינו,צ'ינצ'ילותינו
צינצילת,צ'ינצ'ילת
צינצילתה,צ'ינצ'ילתה
צינצילתו,צ'ינצ'ילתו
צינצילתי,צ'ינצ'ילתי
צינצילתך,צ'ינצ'ילתך
צינצילתכם,צ'ינצ'ילתכם
צינצילתכן,צ'ינצ'ילתכן
צינצילתם,צ'ינצ'ילתם
צינצילתן,צ'ינצ'ילתן
צינצילתנו,צ'ינצ'ילתנו
ציף,צ'יף
ציפים,צ'יפים
ציפס,צ'יפס
ציפר,צ'יפר
ציפרה,צ'יפרה
ציפרו,צ'יפרו
ציפרנו,צ'יפרנו
ציפרת,צ'יפרת
ציפרתי,צ'יפרתי
ציפרתם,צ'יפרתם
ציפרתן,צ'יפרתן
צכוסלובקי,צ'כוסלובקי
צכוסלובקיה,צ'כוסלובקיה
צכוסלובקיות,צ'כוסלובקיות
צכוסלובקיי,צ'כוסלובקיי
צכוסלובקיים,צ'כוסלובקיים
צכוסלובקים,צ'כוסלובקים
צכוסלובקית,צ'כוסלובקית
צכי,צ'כי
צכיה,צ'כיה
צכיות,צ'כיות
צכיי,צ'כיי
צכיים,צ'כיים
צכים,צ'כים
צכית,צ'כית
צלניות,צ'לניות
צלנים,צ'לנים
צלנית,צ'לנית
צמבלו,צ'מבלו
צפרנה,צ'פרנה
צצני,צ'צ'ני
צצניה,צ'צ'ניה
צצניות,צ'צ'ניות
צצניי,צ'צ'ניי
צצניים,צ'צ'ניים
צצנים,צ'צ'נים
צצנית,צ'צ'נית
צק,צ'ק
צקים,צ'קים
צקמוק,צ'קמוק
צקמוקה,צ'קמוקה
צקמוקו,צ'קמוקו
צקמוקי,צ'קמוקי
צקמוקיה,צ'קמוקיה
צקמוקיהם,צ'קמוקיהם
צקמוקיהן,צ'קמוקיהן
צקמוקיו,צ'קמוקיו
צקמוקיי,צ'קמוקיי
צקמוקייך,צ'קמוקייך
צקמוקיך,צ'קמוקיך
צקמוקיכם,צ'קמוקיכם
צקמוקיכן,צ'קמוקיכן
צקמוקים,צ'קמוקים
צקמוקינו,צ'קמוקינו
צקמוקך,צ'קמוקך
צקמוקכם,צ'קמוקכם
צקמוקכן,צ'קמוקכן
צקמוקם,צ'קמוקם
צקמוקן,צ'קמוקן
צקמוקנו,צ'קמוקנו
צקמק,צ'קמק
צקמקה,צ'קמקה
צקמקו,צ'קמקו
צקמקי,צ'קמקי
צקמקך,צ'קמקך
צקמקכם,צ'קמקכם
צקמקכן,צ'קמקכן
צקמקם,צ'קמקם
צקמקן,צ'קמקן
צקמקנה,צ'קמקנה
צקמקנו,צ'קמקנו
צקמקת,צ'קמקת
צקמקתי,צ'קמקתי
צקמקתם,צ'קמקתם
צקמקתן,צ'קמקתן
צרציל,צ'רצ'יל
צרקסי,צ'רקסי
צרקסיות,צ'רקסיות
צרקסיי,צ'רקסיי
צרקסיים,צ'רקסיים
צרקסים,צ'רקסים
צרקסית,צ'רקסית
קוטג,קוטג'
קוטגה,קוטג'ה
קוטגו,קוטג'ו
קוטגי,קוטג'י
קוטגיה,קוטג'יה
קוטגיהם,קוטג'יהם
קוטגיהן,קוטג'יהן
קוטגיו,קוטג'יו
קוטגיי,קוטג'יי
קוטגייך,קוטג'ייך
קוטגיך,קוטג'יך
קוטגיכם,קוטג'יכם
קוטגיכן,קוטג'יכן
קוטגים,קוטג'ים
קוטגינו,קוטג'ינו
קוטגך,קוטג'ך
קוטגכם,קוטג'כם
קוטגכן,קוטג'כן
קוטגם,קוטג'ם
קוטגן,קוטג'ן
קוטגנו,קוטג'נו
קולג,קולג'
קולגי,קולג'י
קולגים,קולג'ים
קולז,קולז'
קולזי,קולז'י
קולזים,קולז'ים
קונצרטאות,קונצ'רטאות
קונצרטאותיה,קונצ'רטאותיה
קונצרטאותיהם,קונצ'רטאותיהם
קונצרטאותיהן,קונצ'רטאותיהן
קונצרטאותיו,קונצ'רטאותיו
קונצרטאותיי,קונצ'רטאותיי
קונצרטאותייך,קונצ'רטאותייך
קונצרטאותיך,קונצ'רטאותיך
קונצרטאותיכם,קונצ'רטאותיכם
קונצרטאותיכן,קונצ'רטאותיכן
קונצרטאותינו,קונצ'רטאותינו
קונצרטואה,קונצ'רטואה
קונצרטואו,קונצ'רטואו
קונצרטואי,קונצ'רטואי
קונצרטואך,קונצ'רטואך
קונצרטואכם,קונצ'רטואכם
קונצרטואכן,קונצ'רטואכן
קונצרטואם,קונצ'רטואם
קונצרטואן,קונצ'רטואן
קונצרטואנו,קונצ'רטואנו
קטנציק,קטנצ'יק
קטנציקי,קטנצ'יקי
קטנציקיות,קטנצ'יקיות
קטנציקים,קטנצ'יקים
קטנציקית,קטנצ'יקית
קילומטרז,קילומטרז'
קרפציו,קרפצ'יו
רח,רח'
תגדייף,תג'דייף
תגדייפו,תג'דייפו
תגדייפי,תג'דייפי
תגדייפנה,תג'דייפנה
תפונצר,תפונצ'ר
תפונצרו,תפונצ'רו
תפונצרי,תפונצ'רי
תפונצרנה,תפונצ'רנה
תפנצר,תפנצ'ר
תפנצרו,תפנצ'רו
תפנצרי,תפנצ'רי
תפנצרנה,תפנצ'רנה
תצופר,תצ'ופר
תצופרו,תצ'ופרו
תצופרי,תצ'ופרי
תצופרנה,תצ'ופרנה
תצוקמק,תצ'וקמק
תצוקמקו,תצ'וקמקו
תצוקמקי,תצ'וקמקי
תצוקמקנה,תצ'וקמקנה
תצטקמק,תצ'טקמק
תצטקמקו,תצ'טקמקו
תצטקמקי,תצ'טקמקי
תצטקמקנה,תצ'טקמקנה
תצפר,תצ'פר
תצפרנה,תצ'פרנה
תצקמק,תצ'קמק
תצקמקו,תצ'קמקו
תצקמקי,תצ'קמקי
תצקמקנה,תצ'קמקנה
תתפנצר,תתפנצ'ר
תתפנצרו,תתפנצ'רו
תתפנצרי,תתפנצ'רי
תתפנצרנה,תתפנצ'רנה
