arapahoes,Arapahoe's
athabascans,Athabascan's
athabaskas,Athabaska's
babars,Babar's
bahai,Baha'i
bahaullah,Baha'ullah
belorussias,Belorussia's
benaress,Benares's
beograds,Beograd's
bernes,Berne's
bevs,Bev's
brahmins,Brahmin's
brueghels,Brueghel's
byelorussias,Byelorussia's
castiles,Castile's
celebess,Celebes's
chanukahs,Chanukah's
christys,Christy's
chungkings,Chungking's
cortezs,Cortez's
darcy,D'Arcy
daccas,Dacca's
debians,Debian's
diazs,Diaz's
djakartas,Djakarta's
dneprs,Dnepr's
dniepers,Dnieper's
edubuntus,Edubuntu's
eldorados,Eldorado's
ericsons,Ericson's
ericssons,Ericsson's
ghanians,Ghanian's
gipsys,Gipsy's
hejiras,Hejira's
husains,Husain's
i,I
im,I'm
ive,I've
ispahans,Ispahan's
joliets,Joliet's
katmandus,Katmandu's
kelts,Kelt's
krakataus,Krakatau's
kubuntus,Kubuntu's
kwangchows,Kwangchow's
lamour,L'Amour
louverture,L'Ouverture
lvov,L'vov
luxemburgs,Luxemburg's
mahomets,Mahomet's
manauss,Manaus's
marseilles,Marseille's
mesheds,Meshed's
mogadiscios,Mogadiscio's
mohammeds,Mohammed's
mohicans,Mohican's
moslems,Moslem's
ndjamena,N'Djamena
nankings,Nanking's
navahos,Navaho's
nikolayevs,Nikolayev's
obrien,O'Brien
ocasey,O'Casey
oclock,O'Clock
oconnell,O'Connell
oconnor,O'Connor
odell,O'Dell
odonnell,O'Donnell
odwyer,O'Dwyer
oer,O'Er
ohara,O'Hara
ohare,O'Hare
ohiggins,O'Higgins
okeeffe,O'Keeffe
oleary,O'Leary
oneil,O'Neil
oneill,O'Neill
oshea,O'Shea
osullivan,O'Sullivan
pjs,PJ's
parsees,Parsee's
pekineses,Pekinese's
pigmys,Pigmy's
rebeccas,Rebecca's
reichstags,Reichstag's
rugbys,Rugby's
rumanias,Rumania's
rumanians,Rumanian's
sana,San'a
scottys,Scotty's
shiite,Shi'ite
shuttleworths,Shuttleworth's
sians,Sian's
sukkoths,Sukkoth's
surinams,Surinam's
tadzhikistans,Tadzhikistan's
teherans,Teheran's
territorys,Territory's
tientsins,Tientsin's
tiranas,Tirana's
tyrols,Tyrol's
ubuntus,Ubuntu's
ubuntuones,UbuntuOne's
vergils,Vergil's
visakhapatnams,Visakhapatnam's
xian,Xi'an
acceptabilitys,acceptability's
accountabilitys,accountability's
adequatenesss,adequateness's
adjustors,adjustor's
aeons,aeon's
aint,ain't
alinements,alinement's
ambiences,ambience's
amebas,ameba's
amirs,amir's
ampoules,ampoule's
amucks,amuck's
anapaests,anapaest's
apicess,apices's
aptnesss,aptness's
aquicultures,aquiculture's
archeologists,archeologist's
arent,aren't
artefacts,artefact's
auntys,aunty's
automatas,automata's
bannisters,bannister's
baptistrys,baptistry's
barbeques,barbeque's
barques,barque's
barycentres,barycentre's
bathyscaphes,bathyscaphe's
beauxs,beaux's
believabilitys,believability's
bloggings,blogging's
blondes,blonde's
blueings,blueing's
bobbysoxers,bobbysoxer's
bogies,bogie's
bogys,bogy's
boloneys,boloney's
boogeymans,boogeyman's
bosuns,bosun's
bowlders,bowlder's
briars,briar's
briquets,briquet's
bronchos,broncho's
bucklings,buckling's
buncos,bunco's
buncombes,buncombe's
bunkos,bunko's
byelaws,byelaw's
cabbys,cabby's
caimans,caiman's
caldrons,caldron's
calibraters,calibrater's
califs,calif's
callisthenicss,callisthenics's
calycess,calyces's
camelhairs,camelhair's
camomiles,camomile's
caraculs,caracul's
caravanserais,caravanserai's
carneys,carney's
carrousels,carrousel's
cassinos,cassino's
castors,castor's
catsups,catsup's
cautiousnesss,cautiousness's
centrefolds,centrefold's
ceremoniousnesss,ceremoniousness's
chammys,chammy's
chantys,chanty's
chaperones,chaperone's
chastitys,chastity's
chiles,chile's
chillis,chilli's
chimaeras,chimaera's
cicatrixs,cicatrix's
clarinettists,clarinettist's
claves,clave's
competencys,competency's
coneys,coney's
constitutionalitys,constitutionality's
convertibilitys,convertibility's
cookys,cooky's
coppices,coppice's
cottars,cottar's
couldve,could've
couldnt,couldn't
crawfishs,crawfish's
creativitys,creativity's
croziers,crozier's
cullenders,cullender's
cumquats,cumquat's
curlycues,curlycue's
currencys,currency's
curtseys,curtsey's
curveds,curved's
cusss,cuss's
darezzo,d'Arezzo
destaing,d'Estaing
detat,d'etat
detre,d'etre
doeuvre,d'oeuvre
decorousnesss,decorousness's
dentines,dentine's
descendents,descendent's
desirabilitys,desirability's
desirablenesss,desirableness's
dickys,dicky's
didnt,didn't
diess,dies's
discreetnesss,discreetness's
djellabahs,djellabah's
doesnt,doesn't
dogys,dogy's
dohs,doh's
dont,don't
duces,duce's
dulnesss,dulness's
dykes,dyke's
dshabills,dshabill's
een,e'en
eer,e'er
egiss,egis's
encyclopaedias,encyclopaedia's
enjambements,enjambement's
entracte,entr'acte
esthetes,esthete's
esthetics,esthetic's
estheticss,esthetics's
expeditors,expeditor's
expressivenesss,expressiveness's
extraverts,extravert's
eyries,eyrie's
fadings,fading's
faerys,faery's
faggotings,faggoting's
fairnesss,fairness's
fesss,fess's
fetichs,fetich's
filets,filet's
fiords,fiord's
flannelettes,flannelette's
flexitimes,flexitime's
flunkeys,flunkey's
flyers,flyer's
followups,followup's
fontanelles,fontanelle's
friers,frier's
frontrunners,frontrunner's
fulnesss,fulness's
fuzes,fuze's
gaberdines,gaberdine's
garotes,garote's
garottes,garotte's
garrottes,garrotte's
gass,gas's
gausss,gauss's
gayetys,gayety's
geegaws,geegaw's
gizmos,gizmo's
glycerines,glycerine's
gobbledegooks,gobbledegook's
grantors,grantor's
griffons,griffon's
gryphons,gryphon's
gulleys,gulley's
gunnels,gunnel's
gymnasias,gymnasia's
hadjs,hadj's
hadjis,hadji's
hadnt,hadn't
haemoglobins,haemoglobin's
haemophilias,haemophilia's
haemorrhages,haemorrhage's
halliards,halliard's
halloos,halloo's
hankys,hanky's
harmoniousnesss,harmoniousness's
hashs,hash's
hasnt,hasn't
havent,haven't
hed,he'd
helpmeets,helpmeet's
hippys,hippy's
hominesss,hominess's
hookeys,hookey's
hootchs,hootch's
hospitalitys,hospitality's
hyaenas,hyaena's
ikons,ikon's
imposters,imposter's
indicess,indices's
inhibiters,inhibiter's
insignes,insigne's
institutors,institutor's
internes,interne's
isnt,isn't
itd,it'd
itll,it'll
jehads,jehad's
jellos,jello's
jessamines,jessamine's
jewellerys,jewellery's
jinnis,jinni's
jiujitsus,jiujitsu's
jujutsus,jujutsu's
justnesss,justness's
kaftans,kaftan's
kiddys,kiddy's
kidnapers,kidnaper's
kindlinesss,kindliness's
kindnesss,kindness's
kitbags,kitbag's
knockwursts,knockwurst's
laboreds,labored's
lasagnes,lasagne's
latchs,latch's
leashs,leash's
lichees,lichee's
likeabilitys,likeability's
likers,liker's
linguinis,linguini's
livess,lives's
loadstars,loadstar's
loadstones,loadstone's
locators,locator's
lychees,lychee's
maam,ma'am
macintoshs,macintosh's
maharanees,maharanee's
mahjongs,mahjong's
maiolicas,maiolica's
mammas,mamma's
manillas,manilla's
manlinesss,manliness's
mannikins,mannikin's
marabouts,marabout's
matchs,match's
matts,matt's
mattinss,mattins's
mavins,mavin's
maximas,maxima's
maynt,mayn't
meanys,meany's
mediaevals,mediaeval's
micras,micra's
mightnt,mightn't
millepedes,millepede's
minimas,minima's
mississ,missis's
molluscs,mollusc's
mortices,mortice's
multiplexors,multiplexor's
mustve,must've
mustnt,mustn't
nameds,named's
narks,nark's
neer,ne'er
neednt,needn't
neutralises,neutralise's
newss,news's
nicknacks,nicknack's
nightys,nighty's
numbskulls,numbskull's
oclock,o'clock
oer,o'er
omelettes,omelette's
oneirics,oneiric's
optimises,optimise's
orchestraters,orchestrater's
orthodoxys,orthodoxy's
ostracises,ostracise's
oughtnt,oughtn't
paedophilias,paedophilia's
paniers,panier's
parrakeets,parrakeet's
partizans,partizan's
patchs,patch's
pawpaws,pawpaw's
pedlars,pedlar's
phantasys,phantasy's
pickabacks,pickaback's
pilaus,pilau's
pinkys,pinky's
pipets,pipet's
pjs,pj's
pollocks,pollock's
pollywogs,pollywog's
pompons,pompon's
pourers,pourer's
premisss,premiss's
preterites,preterite's
preyers,preyer's
productivitys,productivity's
protozoons,protozoon's
provabilitys,provability's
pryers,pryer's
quieters,quieter's
racoons,racoon's
racquets,racquet's
radicess,radices's
rainforests,rainforest's
ranis,rani's
realtors,realtor's
rectas,recta's
relators,relator's
relicts,relict's
rigamaroles,rigamarole's
rostras,rostra's
safenesss,safeness's
sakis,saki's
sanenesss,saneness's
sarapes,sarape's
scollops,scollop's
scrupulousnesss,scrupulousness's
seemlinesss,seemliness's
sensitivenesss,sensitiveness's
seras,sera's
seraphims,seraphim's
shammys,shammy's
shant,shan't
sharpys,sharpy's
sheikhs,sheikh's
sherds,sherd's
shlemiels,shlemiel's
shoers,shoer's
shouldnt,shouldn't
sirups,sirup's
skullduggerys,skullduggery's
sniggers,snigger's
somebodyll,somebody'll
someonell,someone'll
souwester,sou'wester
soubriquets,soubriquet's
soxs,sox's
specd,spec'd
specing,spec'ing
spiraeas,spiraea's
spumones,spumone's
steadinesss,steadiness's
stitchs,stitch's
stockinets,stockinet's
straightjackets,straightjacket's
stymys,stymy's
sumachs,sumach's
surenesss,sureness's
swobs,swob's
swops,swop's
syllabis,syllabi's
tangiblenesss,tangibleness's
teepees,teepee's
temperatenesss,temperateness's
tensenesss,tenseness's
thatd,that'd
thatll,that'll
thered,there'd
therell,there'll
theyd,they'd
theyll,they'll
theyre,they're
theyve,they've
thisll,this'll
throughways,throughway's
tikes,tike's
tipis,tipi's
tiros,tiro's
titbits,titbit's
todayll,today'll
torsis,torsi's
travelogs,travelog's
trenchs,trench's
trollys,trolly's
tsarinas,tsarina's
turvess,turves's
tzars,tzar's
tzarinas,tzarina's
utopians,utopian's
vacuas,vacua's
veldts,veldt's
velours,velour's
venders,vender's
verticess,vertices's
vizors,vizor's
vocalises,vocalise's
vorticess,vortices's
wasnt,wasn't
weve,we've
werent,weren't
werwolfs,werwolf's
whatd,what'd
whatre,what're
whered,where'd
wherere,where're
whimseys,whimsey's
whod,who'd
wholl,who'll
whove,who've
widgeons,widgeon's
wilfulnesss,wilfulness's
willingnesss,willingness's
wizs,wiz's
workabilitys,workability's
wouldve,would've
wouldnt,wouldn't
yall,y'all
yacks,yack's
yoghurts,yoghurt's
youd,you'd
youll,you'll
youre,you're
youve,you've
zombis,zombi's
